id,name,age,email,phone,city,occupation,salary,
1,John Smith,28,john.smith@email.com,555-0101,New York,Software Engineer,95000,
2,Mary Johnson,34,mary.johnson@email.com,555-0102,Los Angeles,Marketing Manager,78000
3,Robert Brown,45,robert.brown@email.com,555-0103,Chicago,Sales Director,105000
4,Patricia Garcia,29,patricia.garcia@email.com,555-0104,Houston,Graphic Designer,65000
5,Michael Davis,38,michael.davis@email.com,555-0105,Phoenix,Project Manager,82000
6,Jennifer Wilson,31,jennifer.wilson@email.com,555-0106,Philadelphia,HR Specialist,72000
7,William Moore,42,william.moore@email.com,555-0107,San Antonio,Operations Manager,88000
8,Linda Taylor,26,linda.taylor@email.com,555-0108,San Diego,Junior Developer,58000
9,David Anderson,50,david.anderson@email.com,555-0109,Dallas,Finance Director,115000
10,Barbara Thomas,33,barbara.thomas@email.com,555-0110,San Jose,Product Manager,92000
11,Richard Jackson,47,richard.jackson@email.com,555-0111,Austin,Senior Consultant,98000
12,Susan White,28,susan.white@email.com,555-0112,Jacksonville,Content Writer,55000
13,Joseph Harris,36,joseph.harris@email.com,555-0113,Fort Worth,Business Analyst,75000
14,Jessica Martin,30,jessica.martin@email.com,555-0114,Columbus,UX Designer,70000
15,Thomas Lee,44,thomas.lee@email.com,555-0115,Charlotte,Data Scientist,96000
16,Sarah Perez,27,sarah.perez@email.com,555-0116,San Francisco,Software Engineer,110000
17,Charles Thompson,39,charles.thompson@email.com,555-0117,Indianapolis,Sales Executive,80000
18,Karen White,32,karen.white@email.com,555-0118,Austin,Legal Counsel,88000
19,Christopher Harris,41,christopher.harris@email.com,555-0119,Memphis,Operations Head,85000
20,Nancy Young,29,nancy.young@email.com,555-0120,Boston,QA Engineer,68000
21,Daniel King,35,daniel.king@email.com,555-0121,Seattle,Full Stack Developer,105000
22,Lisa Wright,48,lisa.wright@email.com,555-0122,Denver,Finance Manager,86000
23,Matthew López,26,matthew.lopez@email.com,555-0123,Washington,Junior Designer,52000
24,Betty Hill,37,betty.hill@email.com,555-0124,Nashville,Nurse Practitioner,92000
25,Donald Scott,43,donald.scott@email.com,555-0125,Baltimore,Project Lead,87000
26,Margaret Green,30,margaret.green@email.com,555-0126,Louisville,Recruiter,63000
27,Steven Adams,34,steven.adams@email.com,555-0127,Portland,Systems Admin,79000
28,Sandra Nelson,46,sandra.nelson@email.com,555-0128,Las Vegas,Event Manager,71000
29,Paul Carter,25,paul.carter@email.com,555-0129,Milwaukee,Data Analyst,61000
30,Cynthia Roberts,38,cynthia.roberts@email.com,555-0130,Albuquerque,Software Architect,108000
31,Mark Phillips,33,mark.phillips@email.com,555-0131,Tucson,Marketing Director,81000
32,Kathleen Campbell,28,kathleen.campbell@email.com,555-0132,Fresno,Accountant,64000
33,Donald Parker,47,donald.parker@email.com,555-0133,Sacramento,VP Operations,125000
34,Shirley Evans,31,shirley.evans@email.com,555-0134,Long Beach,Social Media Manager,57000
35,Steven Edwards,36,steven.edwards@email.com,555-0135,Kansas City,Backend Developer,94000
36,Angela Collins,29,angela.collins@email.com,555-0136,Mesa,Teacher,52000
37,Paul Reeves,44,paul.reeves@email.com,555-0137,Virginia Beach,Construction Manager,83000
38,Brenda Morris,39,brenda.morris@email.com,555-0138,Atlanta,Compliance Officer,77000
39,Andrew Murphy,32,andrew.murphy@email.com,555-0139,Oakland,Systems Engineer,86000
40,Rose Rogers,27,rose.rogers@email.com,555-0140,Tulsa,Intern,35000
41,Joshua Morgan,50,joshua.morgan@email.com,555-0141,Minneapolis,Chief Technology Officer,145000
42,Anna Peterson,34,anna.peterson@email.com,555-0142,Wichita,Database Admin,75000
43,Kevin Cooper,41,kevin.cooper@email.com,555-0143,Arlington,Senior Analyst,89000
44,Joyce Reed,26,joyce.reed@email.com,555-0144,New Orleans,Data Scientist,94000
45,Brian Bell,38,brian.bell@email.com,555-0145,Cleveland,IT Manager,81000
46,Diane Howard,33,diane.howard@email.com,555-0146,Corpus Christi,Consultant,79000
47,Edward Ward,45,edward.ward@email.com,555-0147,Lexington,Senior Manager,95000
48,Julie Cox,30,julie.cox@email.com,555-0148,Henderson,Junior Accountant,58000
49,Ronald Richardson,37,ronald.richardson@email.com,555-0149,Plano,Software Developer,93000
50,Joyce Wood,29,joyce.wood@email.com,555-0150,Orlando,Nurse,68000
51,Timothy Watson,46,timothy.watson@email.com,555-0151,Riverside,Manufacturing Engineer,84000
52,Alice Brooks,31,alice.brooks@email.com,555-0152,Saint Paul,Procurement Specialist,66000
53,Jason Kelly,25,jason.kelly@email.com,555-0153,Irvine,Tech Support,48000
54,Katherine Sanders,43,katherine.sanders@email.com,555-0154,Anaheim,Regional Manager,91000
55,Jeffrey Price,36,jeffrey.price@email.com,555-0155,Stockton,Security Officer,62000
56,Shirley Bennett,28,shirley.bennett@email.com,555-0156,Saint Louis,Junior Developer,59000
57,Ryan Collins,39,ryan.collins@email.com,555-0157,Cincinnati,Operations Supervisor,74000
58,Virginia Stewart,34,virginia.stewart@email.com,555-0158,Toledo,HR Manager,73000
59,Jacob Sanchez,48,jacob.sanchez@email.com,555-0159,Greensboro,Quality Manager,82000
60,Evelyn Morris,27,evelyn.morris@email.com,555-0160,Plano,Frontend Developer,88000
61,Ethan Rogers,42,ethan.rogers@email.com,555-0161,Newark,Logistics Manager,77000
62,Abigail Peterson,30,abigail.peterson@email.com,555-0162,Chula Vista,Business Analyst,76000
63,Alexander Powell,35,alexander.powell@email.com,555-0163,Chandler,Solutions Architect,102000
64,Emily Long,29,emily.long@email.com,555-0164,Laredo,Medical Assistant,50000
65,Michael Patterson,44,michael.patterson@email.com,555-0165,Durham,Financial Advisor,87000
66,Mia Hughes,38,mia.hughes@email.com,555-0166,Winston-Salem,Senior Developer,99000
67,Jacob Flores,26,jacob.flores@email.com,555-0167,Austin,Graphic Artist,61000
68,Charlotte Washington,33,charlotte.washington@email.com,555-0168,Garland,Manager,72000
69,Logan Butler,41,logan.butler@email.com,555-0169,Glendale,Service Manager,75000
70,Amelia Simmons,31,amelia.simmons@email.com,555-0170,Hialeah,Accountant,64000
71,Mason Foster,27,mason.foster@email.com,555-0171,Fountainhead,Web Developer,85000
72,Harper Gonzales,45,harper.gonzales@email.com,555-0172,Montgomery,District Manager,90000
73,Elijah Bryant,36,elijah.bryant@email.com,555-0173,Shreveport,Project Coordinator,66000
74,Evelyn Alexander,29,evelyn.alexander@email.com,555-0174,Augusta,Marketing Specialist,60000
75,Aiden Russell,50,aiden.russell@email.com,555-0175,Tallahassee,Chief Executive Officer,150000
76,Scarlett Griffin,32,scarlett.griffin@email.com,555-0176,Providence,Librarian,55000
77,Jackson Hayes,37,jackson.hayes@email.com,555-0177,Oxnard,Systems Analyst,80000
78,Aria Myers,24,aria.myers@email.com,555-0178,Salt Lake City,Graduate Student,0
79,Sebastian Ford,39,sebastian.ford@email.com,555-0179,Huntington Beach,Warehouse Manager,63000
80,Isabella Hamilton,28,isabella.hamilton@email.com,555-0180,Newport News,Administrative Assistant,45000
81,Lucas Graham,46,lucas.graham@email.com,555-0181,Modesto,Senior Sales Manager,97000
82,Mia Sullivan,31,mia.sullivan@email.com,555-0182,Garland,Content Manager,62000
83,Oliver Wallace,25,oliver.wallace@email.com,555-0183,Scottsdale,Junior Analyst,54000
84,Ava Cole,38,ava.cole@email.com,555-0184,Fontana,Senior Project Manager,93000
85,Benjamin West,44,benjamin.west@west.com,555-0185,Brownsville,Market Analyst,68000
86,Sophia Jordan,30,sophia.jordan@email.com,555-0186,Irving,Sales Coordinator,58000
87,Liam Owens,33,liam.owens@email.com,555-0187,North Las Vegas,IT Consultant,84000
88,Isabella Reynolds,27,isabella.reynolds@email.com,555-0188,Spokane,Graphic Designer,63000
89,Noah Ellis,41,noah.ellis@email.com,555-0189,Sleepy Hollow,Senior Consultant,96000
90,Olivia Harper,35,olivia.harper@email.com,555-0190,Durham,Engineering Manager,101000
91,Elijah Mason,29,elijah.mason@email.com,555-0191,Tampa,Help Desk Technician,46000
92,Ava Greene,43,ava.greene@email.com,555-0192,Coral Spring,Training Manager,70000
93,James Hunter,36,james.hunter@email.com,555-0193,Tallahassee,Lead Developer,97000
94,Emma Mathews,27,emma.mathews@email.com,555-0194,Saint Paul,Junior Analyst,52000
95,Benjamin Parsons,48,benjamin.parsons@email.com,555-0195,Chesapeake,Vice President,130000
96,Aiden Powell,31,aiden.powell@email.com,555-0196,Madison,Teller,42000
97,Scarlett Long,26,scarlett.long@email.com,555-0197,Laredo,Technician,51000
98,Mason Patterson,38,mason.patterson@email.com,555-0198,Norfolk,Supply Chain Manager,86000
99,Charlotte Watkins,34,charlotte.watkins@email.com,555-0199,Lexington,Business Development,79000
100,Oliver Guzman,42,oliver.guzman@email.com,555-0200,Chandler,Regional Director,112000